1,Charles,Wilson,male,32,Williamsville
2,Anthony,Myers,female,37,Melissaport
3,Juan,Payne,female,48,Jaredbury
4,Justin,Spencer,male,34,Smithside
5,Matthew,Ramirez,female,57,Patelhaven
6,Gary,Santiago,female,34,Donaldport
7,Andrew,Smith,male,38,New Angelica
8,Sarah,Blankenship,male,56,Lake Stephen
9,Carrie,Mcdonald,male,35,Robertsonmouth
10,Kristin,Perez,male,19,Whiteview
11,Kevin,Smith,female,17,Fritzmouth
12,Henry,Hall,male,34,Bellhaven
13,Darrell,Johnson,male,25,Guzmanmouth
14,Kathryn,Carr,male,25,Youngfurt
15,Mindy,Forbes,male,39,South Frank
16,David,Mendoza,male,25,New Meredithland
17,Rebecca,Hines,male,48,West Calvin
18,Bradley,Green,male,54,Katrinaside
19,Valerie,Mills,male,25,Gregoryland
20,Andrea,Green,male,54,Huffmanmouth
21,Regina,Sandoval,female,18,Kimberlyburgh
22,Maurice,Werner,female,21,North Dennis
23,Tina,Thompson,male,33,Aaronhaven
24,Trevor,Black,male,50,South Austinchester
25,Logan,Collins,male,21,Brianmouth
26,Shelia,Chaney,male,44,Lake Cindyland
27,Matthew,Haney,male,34,West Ryanbury
28,Carolyn,Kramer,female,42,Port Eric
29,Sheri,Mills,male,30,North Michaelshire
30,Jamie,Ortiz,male,32,Port Christine
31,Margaret,Villa,male,20,East Elizabeth
32,Jacob,Mccann,female,60,Pierceside
33,Nancy,Gonzalez,female,50,Michellechester
34,Amanda,Fuller,male,58,Brianside
35,Caitlyn,Cruz,female,49,Lake Angelaport
36,Annette,Orr,female,23,Josephstad
37,Joseph,Wagner,male,44,Port Beth
38,Amy,Jackson,female,16,Tinamouth
39,Angela,Vasquez,female,53,East Jessicabury
40,Caitlin,Boyd,female,31,Anthonyville
41,Luis,Howell,male,42,Rodriguezberg
42,Vanessa,Simpson,male,43,Marystad
43,Ryan,Baker,female,22,Lake Patricia
44,Tasha,Peterson,female,58,Lake William
45,Kathleen,Diaz,female,46,Lake Joelfurt
46,Michael,Howard,male,26,West Vanessaburgh
47,Seth,Soto,male,39,East Anthonyburgh
48,Brooke,Wheeler,male,45,Frankport
49,Joshua,Long,female,35,South Jeffreychester
50,David,Bell,female,21,Timberg
51,William,Miller,female,23,East Debraborough
52,Andrea,Ramirez,female,52,East Janice
53,Monica,Tucker,male,41,Lake Williamport
54,Jessica,Black,male,54,Markburgh
55,James,Wilson,male,26,East Lisaberg
56,Kevin,Lamb,male,28,Amandaborough
57,Ernest,Hogan,male,52,Debraburgh
58,Michael,Juarez,female,30,North Daniel
59,Mario,Palmer,female,40,New Jonathan
60,James,Brandt,female,40,Peterfurt
61,Keith,Gibson,female,53,South Christina
62,Kathryn,Jones,female,45,West Jenniferside
63,Heather,Johnson,female,59,Dennisstad
64,Samuel,Caldwell,male,47,Donaldsonstad
65,Nancy,Hall,male,55,Derrickchester
66,Peter,King,female,42,North Aliciastad
67,Mercedes,Simon,male,57,North Melissa
68,Roger,Roberts,female,27,East Kathryn
69,Christopher,Robinson,male,20,South Brendanmouth
70,Erin,Ramirez,female,17,South Johnside
71,Jonathan,Williams,male,17,Tiffanymouth
72,Emily,Johnson,female,16,Burtonbury
73,Christopher,Robbins,female,50,Lake Matthew
74,Laura,Mccormick,female,23,Marcusmouth
75,Lee,Farmer,female,47,Ritaside
76,Wendy,Green,male,30,Port Aliciamouth
77,Craig,Ortiz,female,54,South Alyssafort
78,Kevin,Wu,female,41,Walkerside
79,Katherine,Ryan,male,60,Lake Heatherland
80,Robert,Mathis,male,18,Lake Bradley
81,Daniel,Rivas,male,48,Wongside
82,Juan,Hernandez,male,21,Pearsonton
83,Alexa,Vaughn,female,39,Joelshire
84,Bailey,Little,female,32,Lake Ravenside
85,Michael,Garner,female,37,Lake Jamiefort
86,Lauren,Steele,female,60,Reginamouth
87,Amanda,Proctor,female,28,Hamiltonview
88,Evan,Mayo,female,48,Griffinport
89,Kevin,Martinez,female,54,West Kathrynburgh
90,Brian,Pena,female,28,Hernandezbury
91,Anthony,Thompson,male,37,West Barrybury
92,Jeffrey,Johnston,female,46,East Sandraside
93,Timothy,Ramirez,male,46,South Heather
94,John,Henderson,male,32,South Alanfurt
95,Frank,Wright,male,21,Timothyview
96,Joshua,Sullivan,female,59,Stevenchester
97,Melissa,Smith,female,56,Pinedafort
98,Anthony,Cunningham,female,37,Rachelland
99,Cody,White,male,15,Port Olivia
100,Christian,Parrish,male,43,Kerryview
101,Jacob,Archer,female,45,Robinsonmouth
102,Lisa,Clements,female,27,Buchananberg
103,Ronald,Hale,female,45,Port Johnborough
104,John,Banks,female,57,Danafurt
105,Andre,Cohen,male,54,Port Amanda
106,Vicki,Kennedy,male,34,Lewisborough
107,Tracey,Pratt,male,23,Arnoldchester
108,Daniel,Ramos,female,56,Munozport
109,Paul,Smith,male,29,Brooksmouth
110,Angela,Norris,female,18,West Kevin
111,Amber,Garcia,male,23,Michaelstad
112,Lindsay,Lucas,female,25,Vegahaven
113,Marc,Payne,male,28,Port Jillmouth
114,Matthew,May,male,26,North Jesus
115,Caitlin,Vaughan,female,37,Gonzalezstad
116,James,Allen,female,26,West Carolyn
117,Justin,Smith,female,24,Andrealand
118,Phillip,Woods,female,41,Faithland
119,Tammy,Thomas,female,32,West Carlosfort
120,Richard,Fox,female,53,South Lindseyhaven
121,Jennifer,Hoffman,male,43,Lake Ernest
122,Betty,Mccarthy,male,54,Port Ericaport
123,Joseph,Kidd,female,19,South Ryanhaven
124,Nichole,Delgado,male,16,Mendozafurt
125,Joseph,Pope,female,35,North Bryanview
126,Michael,Mitchell,female,19,North Tammy
127,Steven,Burns,male,23,South Ashley
128,Jennifer,Henson,female,21,Lake Steven
129,Makayla,Salas,female,25,Jenniferfurt
130,Vanessa,Klein,male,36,New Joshua
131,Derek,Jennings,female,44,West Brenda
132,Chelsea,Reed,male,58,Coxstad
133,Kevin,Johnson,male,27,Georgemouth
134,Felicia,Cole,female,30,Andrewland
135,Anthony,Mendez,female,29,North Aaron
136,Eric,Schmitt,female,28,North Robert
137,Stanley,Dudley,male,26,New Russellshire
138,Zachary,Collins,male,56,East Dakotaborough
139,John,Cole,male,23,Brownburgh
140,Lauren,Russo,male,55,Frankborough
141,Derrick,Hayes,male,49,Owensshire
142,Stacy,Cunningham,male,59,Myersmouth
143,Richard,Hanson,female,57,Lake Aaron
144,Bradley,Perez,female,35,South Jamesshire
145,Juan,Wall,female,35,West Theodoreview
146,William,Robinson,female,48,Ramosview
147,Shane,Davis,male,30,South Carlahaven
148,Benjamin,Thompson,female,37,Joshuafort
149,Clayton,Wright,male,21,East Christina
150,Sue,Malone,male,54,Juliemouth
151,John,Cunningham,male,53,South Jasminport
152,Mark,Stephens,male,45,North Jeffery
153,Ronald,Mcintyre,male,34,New Samantha
154,Bradley,Alexander,female,53,Wandashire
155,Gary,Cole,female,34,North Jamieshire
156,Catherine,Good,male,34,South Danielle
157,Kimberly,Castaneda,male,55,West Tina
158,Kelly,Collier,male,47,Hayesfurt
159,Jessica,Hart,female,45,South Katie
160,Julian,Mitchell,female,27,Herreraside
161,Anthony,Parker,male,46,Samanthafort
162,Christopher,Oliver,female,28,West Gregory
163,Mary,Serrano,male,19,Ginachester
164,Maria,Armstrong,male,41,Jessicaton
165,Jasmine,Brown,female,56,Port Suzanne
166,Megan,Curry,male,24,West Nicholas
167,Monica,Sparks,male,34,Morrisonmouth
168,Marcus,Hughes,male,58,East Shanefort
169,Michael,Wilson,female,59,East Scott
170,Laura,Lucero,female,31,South Rebeccaside
171,Margaret,Brooks,female,22,New Lori
172,Scott,Taylor,male,47,Emilychester
173,Cheryl,Wells,female,42,West Natalie
174,Jeffrey,Mason,female,17,Washingtonstad
175,Erica,Garcia,male,44,Port Michelle
176,Allison,Strong,female,32,Hansenton
177,Julia,Riggs,male,28,Port Adriennefort
178,Joy,Taylor,female,60,South Scottburgh
179,Angie,Martinez,male,24,North Jeremiahchester
180,Sharon,Delgado,male,23,Mendozaborough
181,Dawn,Butler,female,31,East Lorimouth
182,Andrea,Carson,male,15,South Tracy
183,Michael,Taylor,female,29,New Brandonburgh
184,Judith,Allison,male,21,Deborahberg
185,Kyle,Miller,male,27,South Nathan
186,Christian,Grant,male,42,Laneland
187,Sarah,Patterson,female,34,North David
188,Emily,Hunter,male,41,Perezberg
189,Bobby,Hudson,female,37,Westfort
190,Shawn,Fletcher,female,47,Kaitlyntown
191,Rebekah,Lang,male,33,Baileybury
192,Omar,Booker,male,36,Timothyview
193,Lauren,Anderson,male,16,West Audrey
194,Robert,Walker,female,39,North Jasontown
195,Robert,White,male,36,Kevinchester
196,Diamond,Obrien,female,25,West Spencerbury
197,Megan,Cox,male,25,Port Marilyn
198,Colin,Schwartz,female,60,Nicoleview
199,John,Nguyen,female,27,Benitezhaven
200,Courtney,Pittman,male,49,Jenniferstad
201,Jose,Rush,female,44,East Charlesmouth
202,Catherine,Anderson,male,58,West Michaelview
203,Kelly,Edwards,male,54,Port Donna
204,Gabrielle,Wilson,female,31,New Virginiaton
205,Robin,Stewart,male,24,Shawnbury
206,Michael,Scott,female,24,Port Anthonyside
207,Michelle,Paul,male,23,Hooperfort
208,Hannah,Peterson,male,31,Johnhaven
209,Danielle,Schmidt,male,47,Meyershire
210,Brian,Curtis,male,28,Lake Aaronburgh
211,Rebecca,Hansen,male,21,Gilbertland
212,Charles,Hernandez,female,36,Lake Barbara
213,Sean,Clark,female,38,North Nancyland
214,Christopher,Sweeney,male,41,Stevenstad
215,Gregory,Ellis,male,52,Port Angelaton
216,Gregory,Robinson,male,38,Port Gloria
217,Lauren,Jones,female,43,Stewartborough
218,Richard,Young,female,44,Kochfurt
219,Jennifer,Moore,male,42,New Anthonyside
220,Priscilla,Smith,male,29,East Marctown
221,Jody,Ross,male,55,Jameston
222,Beth,Freeman,female,30,Emilystad
223,Michael,Hubbard,male,44,New Renee
224,Mallory,Kelly,female,39,New Amy
225,Jonathan,Mason,male,41,South Lynn
226,Nathan,King,female,37,New Logan
227,Jon,Holmes,female,27,Josephborough
228,Angela,Reyes,female,41,Doughertyview
229,Gina,Alexander,male,48,South Katherinetown
230,Joshua,Fields,female,23,Lake Rick
231,Jessica,Mcgrath,female,59,South Bridgetside
232,Kelsey,Avila,male,39,Port Jeffery
233,Matthew,Lane,male,35,Johnchester
234,Richard,Williamson,female,15,Joneschester
235,Jennifer,Mendoza,male,38,Lake William
236,Beth,Walsh,male,56,Sandrabury
237,Joseph,Brown,female,15,Jamesshire
238,Sue,Cobb,female,50,Mooreborough
239,Laura,Vega,male,16,Jacquelineview
240,Sandra,Johnson,male,36,Port Nicoletown
241,Kevin,Mathews,male,24,South Andre
242,Andrew,Ali,male,26,West Anthony
243,Elizabeth,Johnson,male,22,Lake Nancy
244,Laura,Castaneda,male,31,West Cynthia
245,Elizabeth,Cole,female,52,Clarkside
246,Stephanie,Hernandez,female,56,New Joburgh
247,Nicholas,Smith,female,32,Rollinschester
248,John,Zavala,female,53,Port John
249,Matthew,Vazquez,female,24,New Johnville
250,Reginald,Robbins,female,41,Moraport
251,Connor,Gray,male,45,Brandonstad
252,Lisa,Valencia,male,31,Lake Todd
253,Christian,Duran,male,54,North Jennifer
254,Steven,Griffin,female,26,Gonzalezmouth
255,Michelle,Griffith,male,42,Hawkinsstad
256,Jamie,Chapman,male,31,Walterstown
257,Lori,Deleon,male,29,South Joshua
258,Dennis,Spencer,female,21,Gilmoretown
259,Robert,Elliott,female,42,Roseville
260,Laurie,Evans,female,30,West Edwinshire
261,Jade,Nunez,female,43,East Moniqueton
262,Kim,Davidson,female,19,Andrewbury
263,Antonio,Smith,male,50,Cookmouth
264,Isaiah,Schmidt,female,21,Sloanshire
265,Johnny,Norman,female,52,Thomashaven
266,Megan,Mendoza,female,58,Lake Erinside
267,Monica,Torres,male,23,Griffithville
268,Cory,Johnson,female,33,Vargastown
269,Alice,Ferguson,female,20,Duncanland
270,Sara,Nicholson,female,57,Lake Kelly
271,John,Freeman,female,43,Tranville
272,Kristin,Flynn,female,19,Cooperside
273,Kimberly,Jones,male,57,Port Andrewfort
274,Bailey,Haas,female,25,Michaelfurt
275,Alicia,Melendez,female,38,Amyville
276,Taylor,Butler,male,16,Andersonborough
277,Michael,Freeman,female,32,Seanborough
278,Zachary,Thomas,female,48,East Charles
279,Caitlyn,Perez,female,15,Samanthastad
280,John,Woodard,female,20,Taylorshire
281,Leslie,Thornton,female,45,Timothyfort
282,Shannon,Montgomery,male,44,New Elizabeth
283,Benjamin,Bell,male,42,Michaelchester
284,Jessica,Schneider,female,21,Francisshire
285,Ryan,Bryant,male,52,North Dawnport
286,Nathan,Spencer,female,59,Bradburgh
287,Christina,Flores,male,17,Robertsonhaven
288,Ronald,Higgins,female,26,West Davidberg
289,Christopher,Fletcher,female,50,Lake Heidi
290,Danielle,Kaiser,male,21,Lake Cassandraside
291,Jennifer,Jones,female,32,Lake Dianastad
292,Gary,Norton,male,43,Oscarborough
293,Teresa,Rodriguez,male,55,Michaelland
294,Brandon,Tanner,male,19,Lindseyville
295,Mark,Bailey,female,37,Millerfurt
296,John,Lane,female,36,South Robert
297,Susan,Hill,female,58,Johnland
298,Gina,Bryant,female,23,Jenniferborough
299,Johnny,Jones,female,30,South Jacquelinestad
300,Dennis,Gonzalez,male,57,East Davidport
301,Emily,Harris,female,53,Christopherborough
302,Jacqueline,Clay,female,44,Johnnyshire
303,Courtney,Roberson,female,47,New Feliciamouth
304,Stephanie,Davis,male,48,South Fernandofort
305,David,Wagner,female,60,South Brandonport
306,Andrea,Poole,female,55,Hayesport
307,Jesse,Thompson,male,57,Lake Malik
308,Daniel,Williams,male,58,North Eduardoside
309,Mary,Morton,male,44,New Shawnbury
310,Lauren,Henry,female,28,North Melissaborough
311,Ashley,Smith,female,26,East Mary
312,Gail,Joyce,male,56,Hodgeston
313,Wesley,Melton,female,59,Clarkfurt
314,Kendra,Cortez,female,23,Gregoryside
315,Nicole,Gordon,male,29,West Jessica
316,Cristian,Villanueva,female,22,West Kyleside
317,Jacqueline,Bradshaw,female,41,Aaronfurt
318,Stephanie,Jones,female,16,Kylieberg
319,Heidi,Solis,male,18,Patrickberg
320,Anthony,Parrish,male,45,Lake Daniel
321,Natasha,Hardy,male,39,North Taylorhaven
322,Keith,Bradley,male,33,Lake Miranda
323,Ryan,Sandoval,female,53,Steeleton
324,Cindy,Brown,male,46,East Erin
325,Manuel,Gordon,female,54,Dillonville
326,Johnny,Rogers,male,15,South Maria
327,Nathaniel,Shaw,male,48,Michaelville
328,Nathan,Harvey,male,59,Brownbury
329,Patricia,Frye,female,51,Port Zachary
330,Emily,Garcia,female,35,Kaylastad
331,Jessica,Reese,female,23,Port Jason
332,Michele,Park,male,19,Riveraside
333,William,Hernandez,female,48,Grantshire
334,Brianna,Anderson,female,51,East Stephanie
335,Tommy,Holt,female,32,Duncanchester
336,Heather,Wilkinson,female,36,South Chris
337,Gerald,Best,female,31,Smithberg
338,Robert,Wolfe,male,21,Lake Michellebury
339,Alejandro,Brown,female,46,Mooreside
340,Mark,Hamilton,female,50,South Jennifer
341,Debra,Harper,male,20,East Kristiport
342,Joy,Orozco,male,44,Mcfarlandville
343,David,Johnson,male,60,Lake Nicole
344,Nathan,Williamson,female,49,North Christian
345,Andrea,Cox,female,40,North Nicholasfort
346,Samantha,Sellers,male,52,South Jo
347,Charles,Johnson,female,43,Zacharyberg
348,Laura,Jackson,male,28,New Tamaramouth
349,Matthew,Crosby,male,28,Katieville
350,Megan,Larson,male,59,West Haley
351,William,Reeves,female,45,Stevenville
352,Barbara,Levine,male,50,Cisnerosstad
353,Christopher,Reynolds,female,39,Potterville
354,Cody,Campbell,male,54,Lake Matthewview
355,Priscilla,Davis,female,48,Bensonland
356,Mary,Garrett,female,20,New Diana
357,Nicole,Bishop,female,54,Michaeltown
358,Carrie,Miller,male,29,Davismouth
359,William,Johnson,male,26,Terrellborough
360,Daniel,Scott,female,39,North Ashleyville
361,Tracy,Brown,male,17,Barnesburgh
362,Daniel,Murphy,female,35,South Evelyn
363,Amy,Hartman,female,30,Hamiltonmouth
364,Hannah,Johnson,male,23,Latashastad
365,Tammy,Woods,male,39,Bakerborough
366,Jennifer,Hernandez,male,20,Lake Andrewland
367,Marcus,Lowe,female,19,Tracyshire
368,Timothy,Mcdonald,male,30,South Amyshire
369,Tasha,Gilmore,male,34,Port Tiffanystad
370,Ann,Williams,female,60,Banksland
371,Daniel,Gregory,male,28,Lake Adamfort
372,Daniel,Davis,female,27,East Megan
373,Grace,Rodriguez,female,41,Port David
374,Allen,Rivera,male,38,Washingtonfurt
375,John,Parker,female,52,Lake Stephanie
376,Keith,Allen,female,19,Andersonmouth
377,Shannon,Evans,male,42,Port Michael
378,Joshua,Johnson,male,41,North Robertoside
379,Sally,Strickland,female,41,Kevinstad
380,Keith,Moran,male,54,East Andrew
381,Sean,Edwards,male,32,Cynthiamouth
382,Lindsey,Davis,female,51,South Kevinville
383,Wayne,Hernandez,male,45,Grayville
384,Anna,Kelley,male,32,North Cynthia
385,Vanessa,Carter,male,40,Jessefort
386,Amber,Norton,male,27,West Alexis
387,Nicholas,Gomez,male,41,Molinaton
388,Tiffany,Juarez,male,19,Hammondside
389,Matthew,Herman,male,41,Blairton
390,Phillip,Walls,male,43,Gainesbury
391,Benjamin,Brown,male,53,Matthewport
392,Micheal,Berry,male,56,Peterborough
393,Dillon,Leonard,female,25,East Kevinhaven
394,Amy,Guzman,female,50,Danieltown
395,Lauren,Gregory,female,37,Dawnbury
396,Joshua,Mathis,male,55,Carriemouth
397,Jeffrey,Brown,male,28,West Jennifer
398,Debra,Long,male,33,Thomasfurt
399,Michael,Owens,male,20,West Alisonstad
400,Joshua,Rogers,male,32,Wilsonside
401,James,Hopkins,female,15,New Stephenborough
402,Rebecca,Sanchez,female,21,New Juliashire
403,Samuel,Walsh,female,36,Mejiaburgh
404,David,Herrera,male,15,Melanieport
405,Andrew,Mcconnell,male,59,West Markmouth
406,Crystal,Lam,female,38,South Jessemouth
407,Justin,Ford,female,34,Nathanielville
408,Eddie,Brock,female,21,Jesseton
409,Christopher,Salas,female,59,South Patrick
410,Valerie,Jackson,male,38,New Connie
411,Jennifer,Carr,female,47,East Cameron
412,Jason,Arroyo,female,58,Jasminebury
413,David,Mcgrath,male,36,Lake Angela
414,Jordan,Mcdaniel,male,30,Port Patrick
415,Joanna,Ortiz,male,49,Leefurt
416,Jason,Fisher,female,27,East Cindychester
417,Ernest,Meyers,male,17,Michellestad
418,Paul,Jackson,female,49,Gonzalezfort
419,Faith,Sawyer,female,50,North Kathleentown
420,Ryan,Wright,female,49,East Cassandra
421,Jacob,Choi,female,36,Zimmermanton
422,Stephanie,Mayo,male,42,South Pattyfort
423,Eddie,Martinez,female,46,South Roberthaven
424,Angela,Howard,male,41,New Pamela
425,Matthew,Brown,male,33,Brownton
426,Kim,Brown,male,18,New Mary
427,Brandi,Caldwell,male,22,Weaverville
428,Elizabeth,Brooks,male,37,Smithville
429,Melissa,Robinson,female,59,Brookeburgh
430,James,Chen,male,34,West Jasonshire
431,Theresa,Valdez,male,54,West Lorifort
432,Aaron,Bell,female,36,North Emily
433,Ian,Garcia,female,27,Johnbury
434,Allison,Mueller,female,42,Port Breanna
435,John,Flores,female,34,Melindaport
436,Alyssa,Anderson,female,26,Alexandertown
437,Steven,Irwin,female,36,Nelsonstad
438,Sarah,Anderson,female,18,Port Anita
439,Megan,Brewer,female,56,Travisside
440,Lisa,Fritz,female,59,New Michaelfort
441,Kevin,Nash,female,51,Jenniferview
442,Linda,Atkins,female,21,Williamsstad
443,Timothy,Harris,female,17,Port Danielle
444,Larry,Hughes,male,58,Scotttown
445,William,Moran,male,37,South Patricia
446,Danielle,Coleman,female,43,Port Michellefurt
447,Lance,Vargas,male,38,Chadmouth
448,Scott,Mason,male,20,South Kristinview
449,Richard,Walker,male,30,Johnsonside
450,Andrea,Stone,male,48,New Melissaville
451,Matthew,Eaton,male,26,Schmidtchester
452,Sydney,Price,male,56,West Kimberlychester
453,Julie,Mccall,male,22,Reedland
454,Heather,Vasquez,male,31,Burnsstad
455,Chad,Garcia,male,48,North Ebonyside
456,Kyle,Holloway,female,40,New Carol
457,Andrew,Sullivan,male,42,Wangland
458,Sheri,Alvarez,male,36,Port Andrea
459,Mary,Chavez,female,16,East Juliestad
460,Donna,Hodges,female,49,Port Abigailfurt
461,Brian,Phillips,male,37,East Marcusborough
462,Isaiah,Perez,female,20,Smithside
463,John,Boyd,female,59,North Hannah
464,Kenneth,Spears,male,46,West Mark
465,Grace,Crane,male,47,South Brittany
466,Julia,Braun,female,47,Mooreburgh
467,Matthew,Wheeler,female,28,East Meganton
468,Taylor,Beasley,female,15,Smithfort
469,Amanda,Walker,male,21,Port Joseph
470,Thomas,Rogers,female,26,Lake Jimmy
471,George,Hill,male,24,North Stephanieview
472,Yvette,Foster,female,48,South Samantha
473,Eric,Boyd,female,49,Barreraberg
474,Joshua,Barrera,female,51,Laurenside
475,Adam,Lawson,female,16,West David
476,Michael,Kline,female,41,Markmouth
477,Elizabeth,Campbell,male,36,Lake Rachelshire
478,Michael,Kim,male,23,New Brittany
479,Justin,Barnes,male,25,Smithtown
480,Kelly,Franklin,male,55,West Randall
481,Edward,Smith,male,18,Tyronetown
482,Bobby,Allen,female,59,Lake Scott
483,Natalie,Smith,female,44,North Sierrahaven
484,Sean,Foster,female,38,Booneberg
485,Travis,Williams,female,49,Mcdonaldshire
486,Harry,Bennett,male,30,Sharptown
487,Teresa,Khan,male,35,Lake Jason
488,John,Cooper,female,56,South Kimberly
489,Tina,Pacheco,male,29,West Victorbury
490,Mike,Best,female,53,Davidmouth
491,Benjamin,Green,female,43,South Stephenville
492,Mary,Osborne,female,37,Georgestad
493,Colleen,Navarro,male,29,Robertston
494,Annette,Harrison,male,42,Lake Keith
495,Samantha,Holmes,female,40,Thompsonborough
496,Elizabeth,Cross,female,16,Cardenasbury
497,Katelyn,Davis,male,47,Jimenezhaven
498,Makayla,Miller,female,59,Bakerborough
499,Samantha,Logan,female,59,Shaneland
500,Anthony,Black,male,31,Elizabethmouth
501,Hayley,Lopez,female,48,Penaview
502,Scott,Campbell,male,54,Tiffanyhaven
503,Matthew,Haas,female,44,New Melissa
504,Colleen,Terry,male,24,Brandonberg
505,Molly,Jarvis,female,19,Turnerton
506,Alexandra,Thomas,female,32,Port Rebecca
507,Michael,Williams,male,57,New Elijah
508,Raymond,Stone,female,20,Smithshire
509,Michael,White,female,59,Medinafurt
510,Kendra,Pope,female,20,West Carlos
511,Sarah,Armstrong,male,33,Fisherchester
512,Erin,Cervantes,male,19,Kathleenmouth
513,Ruben,Washington,male,55,East Denise
514,Michael,Moore,male,35,Catherinemouth
515,John,Huber,female,17,Taylorborough
516,Matthew,White,female,47,West Tiffanyport
517,Samuel,Gibbs,female,18,New Davidland
518,Michael,Roberts,male,15,Port Joelberg
519,April,Simpson,female,31,North Christopher
520,Valerie,Campbell,male,36,Turnerburgh
521,Brian,Lewis,female,29,New Jesse
522,Leslie,Bryan,male,54,East Thomasmouth
523,Joseph,Robinson,female,40,Gordonshire
524,David,Kerr,male,43,North Karen
525,Tamara,Scott,male,15,Lake Tammymouth
526,Linda,Johnson,female,38,New Danaland
527,Stephanie,Anderson,female,47,New Dennishaven
528,Jenna,Gonzalez,male,54,Moralesfort
529,Caleb,Wright,male,46,New Deborahstad
530,Alex,Snow,male,40,West Jonathan
531,Daniel,Lewis,female,21,New David
532,Matthew,Johnston,male,33,East Donald
533,Isabella,Pena,female,27,Torresburgh
534,Robert,Burke,female,28,Lindseymouth
535,Latoya,Booth,female,28,Susanborough
536,John,Gutierrez,male,15,Jeffreyport
537,Michael,Gardner,female,29,Amberland
538,Ronald,Clark,female,20,Lake Aliciaview
539,Rebecca,Perkins,female,58,Elizabethbury
540,Lisa,Vazquez,male,22,Ambermouth
541,Mallory,Walters,male,25,North Joseph
542,Jimmy,Kelly,female,25,Nicholaston
543,Pamela,Cooper,female,55,Ashleystad
544,Rebecca,Brown,male,23,Colemouth
545,Luke,Shannon,female,53,Chamberston
546,Michael,Perkins,male,55,Lake Hollyton
547,Donald,Rogers,male,43,Andersonport
548,Julie,Blair,female,19,Timothymouth
549,Jesus,Newman,male,56,Port Johntown
550,Thomas,Reed,female,56,East Alexandraberg
551,Adam,Davis,male,24,West Jeffreyshire
552,Michelle,Horne,female,53,East Lindaland
553,Alyssa,Reyes,male,27,Marytown
554,David,Bowman,male,59,New Franciscohaven
555,Steven,Jones,female,52,West Christina
556,Tiffany,Jones,male,46,Hernandezchester
557,Leonard,Bell,male,44,Karenburgh
558,Patricia,Daniels,female,57,Nathantown
559,Brenda,Avila,female,49,Port Michelle
560,Jamie,Bonilla,male,54,South Sarahaven
561,Jonathan,Robles,male,56,Rebeccaville
562,Michelle,Gregory,male,21,Martinezville
563,Lisa,Carroll,female,49,New Walterberg
564,Anna,Brown,female,44,New Marcus
565,Erin,Obrien,female,34,North Timothyport
566,Nicholas,Kennedy,male,52,Daniellebury
567,Amanda,Ellis,male,27,North Nicholasville
568,Sarah,Sullivan,male,29,West Corey
569,Pamela,Kemp,female,58,South Angela
570,Scott,Burns,male,42,East Kelsey
571,Brian,Gross,male,44,Monicaberg
572,Courtney,Hall,male,50,Ginatown
573,Anita,Gray,male,18,Sanchezside
574,Michelle,Moore,male,42,Wolffurt
575,Daniel,Lee,female,35,New Michael
576,Kimberly,Chandler,female,32,New Ryan
577,Megan,Chen,male,45,Millsbury
578,James,Sanchez,female,52,Tylershire
579,Yvette,Alexander,female,43,Timothymouth
580,Thomas,Lyons,female,41,North Barbaraborough
581,Shannon,Bailey,female,57,Markmouth
582,Brendan,Fox,female,60,Brewerfurt
583,Brittany,Huber,male,60,Matthewland
584,Earl,Larsen,female,18,North Williamview
585,Haley,Duran,male,59,South Loriland
586,Paul,Cortez,male,17,West Mauricehaven
587,Trevor,Arellano,male,59,South Anthonystad
588,Ann,King,male,38,West Cody
589,Brittany,Williams,female,19,South Jessica
590,Brandon,Vega,male,16,Kellymouth
591,Krista,Alvarez,male,21,South Linda
592,Michael,Friedman,male,26,Walterchester
593,Alicia,Lopez,female,30,Brewerport
594,Amber,Sanchez,male,35,Paigeborough
595,Lisa,Williams,female,22,Petersonville
596,Jessica,Branch,male,25,South Ericville
597,Heather,Fisher,male,41,West Jacob
598,Lucas,Montes,female,32,Barbarastad
599,Kenneth,Russell,male,35,South Christie
600,Megan,Peters,female,54,Port Christopherstad
601,Katherine,Johnson,male,31,Rodriguezburgh
602,Michelle,Sullivan,female,15,Morrisonbury
603,Kelly,Knight,female,49,South Tamaraland
604,Bruce,Franklin,male,49,East Michaelport
605,Elizabeth,Russell,male,15,Jacobsonland
606,Tyler,Lang,male,15,North Travisland
607,Joseph,Bowers,female,19,New Rebecca
608,Wendy,Ray,male,33,South Susan
609,Matthew,Vance,female,40,Lake Linda
610,Kristin,Harris,female,42,New David
611,Brian,Noble,male,38,Jenniferburgh
612,Juan,Hammond,female,37,Lake April
613,Michael,Church,female,53,Bradleyshire
614,Lauren,Gallagher,male,45,Sarahmouth
615,Stuart,Wiggins,male,29,West Brian
616,Jill,Schwartz,male,37,Laneport
617,Cynthia,Tate,female,37,West Mistychester
618,Aaron,Burke,male,47,Kathrynstad
619,Megan,Schwartz,female,46,South Michael
620,Sean,Williams,male,43,South John
621,Matthew,Sawyer,male,49,North Tanyamouth
622,Jasmine,James,male,49,South Larryfort
623,Donna,Brown,female,19,Port Kaylaville
624,Zachary,Leonard,female,18,Ballshire
625,Charles,Davis,female,50,New Robert
626,Cody,Freeman,male,48,West Amber
627,Stephanie,Smith,male,19,Cheyennehaven
628,Autumn,Love,female,56,Webbbury
629,Kristine,Dunn,male,44,South Kevinville
630,Juan,Kelly,female,19,East David
631,Brandon,Williams,female,29,Chelsealand
632,Beverly,Wright,female,58,East Christopher
633,Randall,Simmons,male,37,South Anthonyborough
634,Anna,Holmes,female,22,Hooverberg
635,Jeffrey,Wright,male,35,East Seanfurt
636,Jacqueline,Mcneil,male,30,Hartstad
637,Julie,King,male,57,Cherylchester
638,Wendy,Mckinney,female,26,East Heather
639,Jane,Thompson,male,41,Sandraburgh
640,Marvin,Goodman,female,28,Russellstad
641,Daniel,Green,male,15,Johntown
642,Daniel,Joyce,male,34,Lake Melvin
643,Annette,Williams,male,24,South Megan
644,Christopher,Duncan,male,48,South James
645,Maria,Chavez,female,39,Carrollstad
646,Rebecca,Ponce,female,27,Barkerborough
647,Andrea,George,female,18,West Rachel
648,Jennifer,Brown,female,49,Shawnfurt
649,Emily,Sharp,male,16,Donaldhaven
650,Kenneth,Young,female,35,East Williambury
651,Dawn,Lopez,male,42,New Brandonland
652,Rachel,Cuevas,male,35,North Johnview
653,Adrian,Glenn,female,55,South Laura
654,Rebecca,Harrington,male,40,Port Joseph
655,Tim,Gomez,female,15,South Laurenshire
656,Christopher,Barnes,female,41,Hurleyside
657,Thomas,Herring,male,56,Elainestad
658,Kara,Howard,male,43,Port Dianatown
659,Kimberly,Wu,male,36,Lake Brookeport
660,Anne,Hill,male,53,Ramirezberg
661,Alexander,Ortiz,female,31,Riverabury
662,Jordan,Raymond,female,39,Johnport
663,Michael,Stewart,male,15,West Timothyview
664,Danielle,Smith,female,22,Barbaraville
665,Andrea,Stewart,male,19,Robertmouth
666,William,Doyle,male,17,West Jamestown
667,Jonathan,Cooper,male,58,Jessicaview
668,Savannah,Payne,male,17,Woodville
669,Jason,Kennedy,female,46,Port Joseph
670,Nichole,Haley,female,39,Johnville
671,Charles,Fletcher,female,19,North Jessicaborough
672,Corey,Hoffman,male,37,South Matthew
673,Marcus,Carlson,female,37,Debbiemouth
674,Robert,Peterson,male,19,New Maria
675,Melissa,Duffy,female,57,West Amber
676,Jason,Rodriguez,female,46,Port Rebeccafurt
677,Linda,Smith,male,39,West Christinachester
678,Caleb,Williams,female,56,Matthewtown
679,Jonathan,Wilson,female,37,North Charles
680,Melinda,Miller,male,41,New Janiceburgh
681,Brandon,Pope,male,60,East Brianfurt
682,Patricia,Miller,male,39,Port Aaronview
683,Charles,Mayer,male,15,Lake Matthewstad
684,Deanna,Mendoza,male,16,North Timothymouth
685,Michael,Phillips,female,21,West Robert
686,Peggy,Taylor,male,47,North Ashley
687,Jennifer,Bond,male,22,Gainesbury
688,Christopher,Sanchez,male,46,West Richard
689,John,Rowe,male,45,Woodwardchester
690,Amanda,Owens,female,17,Ianview
691,Christina,Berger,female,59,North Robin
692,Angie,Jones,male,20,Dawnshire
693,Rhonda,Sanchez,female,46,Brittanyport
694,Gregory,Jackson,female,25,Lihaven
695,Ronald,Ross,female,23,Kellyberg
696,Christopher,Williams,male,56,Myersland
697,Brian,Ellis,female,26,Brownshire
698,Sean,Weaver,female,60,Elliottfort
699,Eric,Cabrera,female,29,Lucasberg
700,Belinda,Lee,female,49,Oliviaville
701,Carla,Glover,male,25,West Larry
702,Robert,Brown,male,23,Cantuside
703,Evan,Clark,female,35,West Jasonmouth
704,Keith,Pierce,female,40,West Kellymouth
705,Jacob,Wallace,female,49,Patriciamouth
706,Caleb,Cervantes,male,15,New Kendra
707,Robert,Peterson,female,25,Mooreshire
708,Melissa,Jones,female,41,Port Crystal
709,Mario,Ball,female,22,Richardland
710,Keith,Lam,male,19,Suttonburgh
711,James,Chavez,female,34,New Kimberly
712,Jean,Elliott,male,49,Cochranmouth
713,Denise,Payne,female,38,Ariasmouth
714,Charles,Scott,male,55,Kaylaland
715,Lawrence,Martinez,female,29,South Robert
716,Holly,Cole,female,30,South Daniel
717,Pamela,Curry,male,59,Port Angelport
718,Samantha,Hardy,male,20,Valenzuelaberg
719,Brittany,Harris,male,28,East Heatherfurt
720,Robert,Walter,female,27,Port Alisonhaven
721,Christopher,Robinson,female,44,Yolandaland
722,Julie,Hutchinson,male,15,North Carolberg
723,Megan,Banks,female,58,South Brianhaven
724,Susan,Chambers,female,15,Port Stephanie
725,Mark,Schultz,male,56,Cartermouth
726,Brian,Wong,female,20,Julieberg
727,Paul,Davis,female,52,Jensenfurt
728,Heather,Baldwin,male,42,North Debra
729,Michael,Cox,female,50,South Angela
730,George,Bennett,male,41,Micheleberg
731,Eric,Rivera,female,53,New Jenniferchester
732,Jennifer,Casey,female,51,New Rachel
733,Greg,Norman,male,22,Amandastad
734,Jeremy,Henderson,male,31,New Garyberg
735,Audrey,Taylor,male,22,West Karen
736,Marie,Allison,male,30,Smithstad
737,Timothy,Roberson,male,31,Port Jennifer
738,Laura,Williams,male,42,South Michael
739,Martha,Brown,male,22,Michaelchester
740,Pamela,Sanchez,male,28,Martinezchester
741,Christine,Smith,female,41,Hernandezborough
742,Elizabeth,Harrison,male,37,Arnoldfort
743,Erika,Page,male,34,Lake Tammy
744,Misty,Adams,female,51,West Jamesberg
745,Amanda,Pearson,male,43,Jorgeville
746,Alexander,Chaney,male,28,New Jamie
747,Jeremy,Williams,female,30,Port Mary
748,Samuel,Diaz,female,39,East James
749,Jay,Miller,female,40,Lake Jessica
750,Michelle,Wiley,male,20,East Darrentown
751,David,Scott,male,44,Griffinfurt
752,Sheri,Wilcox,female,15,Bellland
753,Laura,Frazier,female,43,North Jeremy
754,Dillon,Skinner,male,44,Maxwellland
755,Melissa,Robbins,male,38,New Veronica
756,Brittany,Robles,female,16,Loweburgh
757,Amanda,Ramirez,female,36,South Lori
758,Karen,Salinas,male,57,Dunnmouth
759,Tonya,Tanner,male,26,Samanthafurt
760,William,Fowler,male,20,New Gabrielport
761,Richard,Beasley,female,56,New Peggyview
762,David,Jones,female,44,Powellville
763,Claudia,Monroe,male,49,Navarroport
764,Jennifer,Schneider,female,55,Lindaport
765,Anthony,Hamilton,male,27,Brettfort
766,Brooke,Watkins,male,21,Richardside
767,Dennis,Sullivan,male,54,Smithberg
768,Jennifer,Flores,female,51,North Justinville
769,Joseph,Evans,male,19,Lake Michaeltown
770,Jeffery,Mason,male,49,Taylorland
771,Lindsay,Gentry,female,48,Wangview
772,Roger,Valenzuela,male,24,Lake Billyfurt
773,Alison,Ho,female,56,Carlsontown
774,Tina,Robertson,male,39,East Christopher
775,Christy,Mckinney,male,44,Veronicachester
776,Kendra,Brennan,female,32,South Robert
777,Kimberly,Stout,male,45,North Bethfort
778,John,Franco,female,18,South Jeffreyborough
779,Chad,Hanson,male,58,West Colleen
780,Chelsea,Thomas,female,44,Amystad
781,Tiffany,Cabrera,male,40,Thomasshire
782,John,Clarke,male,51,West Henry
783,Jason,Scott,male,55,Michellechester
784,Ashley,Cardenas,female,48,Lawrencemouth
785,Blake,Edwards,male,48,Vasquezmouth
786,Greg,Sanchez,male,59,Lewischester
787,Michelle,Campbell,female,18,Murrayside
788,Tina,Brewer,male,59,North Travis
789,Logan,Pratt,female,51,Nathanborough
790,Timothy,Velazquez,female,40,East Johnland
791,Stephen,Manning,female,38,Ruiztown
792,Katherine,Williams,female,28,East Laura
793,Jonathan,King,male,40,Smithfurt
794,Angela,Hall,male,48,Jacobsburgh
795,Shane,Werner,male,46,Brownport
796,Nicholas,Hutchinson,male,30,New Hannahchester
797,Scott,Nicholson,male,58,Samanthabury
798,Gregory,Welch,female,31,Rodgersfurt
799,William,Fernandez,female,34,East Isaac
800,Courtney,Beck,female,24,Lake Markhaven
801,Jill,Johnson,male,21,Michelleberg
802,Curtis,Joseph,female,38,South Josephmouth
803,Shane,Cummings,female,39,Warrenchester
804,Austin,Alexander,male,25,Donnashire
805,Jennifer,Lamb,female,32,New Kenneth
806,Erin,Thomas,female,16,North Veronica
807,Ashley,Shaw,female,25,North Carolyn
808,Michael,Gonzales,male,40,Amberport
809,Brian,Pierce,male,39,Port Robert
810,Stephanie,Guzman,male,25,Wilsonburgh
811,Kevin,Walker,male,41,West Angelaburgh
812,Beth,Brewer,female,52,Lindseyberg
813,Brian,Delgado,female,53,Ortegastad
814,Robert,Adams,female,58,New Aprilchester
815,Sherry,Thomas,male,41,Nicholasburgh
816,Steven,Torres,male,31,Troychester
817,Mary,Price,female,28,East Staceytown
818,Cassandra,Townsend,male,58,South Patrickhaven
819,Stephanie,Brown,male,57,East Katelynland
820,Sandra,Bowen,male,29,Rowlandfurt
821,Nathan,Robinson,male,53,Matthewborough
822,Wendy,Higgins,female,39,Cynthiafurt
823,Cody,Campbell,male,30,Rachelport
824,Catherine,Edwards,female,27,South Stacy
825,Joshua,English,male,20,Tylerfort
826,Justin,Hernandez,female,20,Georgeton
827,Danielle,Jacobson,male,55,West Richard
828,Dustin,Moreno,male,26,South Wandaland
829,Christopher,Taylor,male,60,Port Christinaton
830,Cindy,Chang,male,25,Johnsonstad
831,Tracie,Wright,male,56,Port Kevin
832,Mark,Cline,female,22,Lake James
833,Kevin,Wallace,female,44,Mathewsberg
834,Nicole,Murphy,male,39,Christopherside
835,Jessica,Ochoa,male,23,North William
836,Rebecca,Reese,male,29,Huberville
837,Nathan,Lee,male,43,Port Michaelbury
838,Trevor,Delacruz,female,60,Allentown
839,Adam,Silva,male,30,Beverlymouth
840,Brendan,Gonzalez,female,23,East Brandonmouth
841,Christine,Poole,female,24,Schmidtbury
842,Mark,Hawkins,female,57,Victoriamouth
843,Sharon,Li,male,56,North Juan
844,Ashlee,Brown,male,56,West Nathan
845,Dawn,Smith,female,28,Reillyfurt
846,Karen,Lee,male,29,Paultown
847,Courtney,Garrett,female,30,East Julia
848,Brandon,Schmidt,female,25,Melissaview
849,Thomas,Reyes,male,17,Vanessafurt
850,Stacy,Sloan,female,30,North Jeffrey
851,Jimmy,Holland,male,34,Patriciaton
852,Barbara,Fox,male,27,South Chadshire
853,Dennis,Leonard,male,58,North Megan
854,Kimberly,Hughes,male,47,Davidport
855,Ricardo,Jackson,male,26,Clairebury
856,Michelle,Coleman,female,16,Monicaton
857,John,Washington,male,23,Jonesmouth
858,Katrina,Fritz,female,41,Lukefurt
859,Carol,Hoffman,male,37,Sarahburgh
860,Sonya,Smith,female,29,Robinsonburgh
861,Gregory,Jones,female,32,Anthonymouth
862,Emily,Kelly,male,17,Scotthaven
863,Jared,Bullock,male,32,Port Nancy
864,Monica,Frank,female,34,Nealview
865,Cody,Fowler,male,47,Josephstad
866,Melanie,Smith,male,32,Lake Amandachester
867,Kayla,Benton,male,25,North Davidville
868,Eric,Henry,male,55,Port David
869,Ernest,Moore,female,52,New Joyce
870,Martin,Reynolds,male,32,Maryside
871,Nicholas,Thompson,female,25,Davidhaven
872,Vincent,Johnson,male,19,East Thomas
873,Justin,Richardson,female,54,Christopherberg
874,Jonathan,Cortez,male,24,Buchananside
875,Angela,Williams,male,42,Kingshire
876,Terry,Patel,male,22,South Bradleyhaven
877,Theresa,Cohen,female,39,East Maryside
878,Gerald,Castro,female,28,Port Gabriel
879,Melvin,Craig,male,50,Buckleychester
880,Teresa,Roach,male,42,Wrightstad
881,Jeff,Clark,female,53,Bishopview
882,Jon,Horton,female,25,Georgeside
883,Katherine,Carpenter,female,16,East Nicholas
884,Nicole,Brandt,female,16,East Stephen
885,Patricia,Murphy,male,23,Dawnmouth
886,Abigail,Stevens,male,47,North David
887,Brandon,Ellis,male,30,Nicolemouth
888,Joseph,Russell,male,49,East Scott
889,Lauren,Brooks,male,40,Changfort
890,Katie,Mills,female,34,South Sharonbury
891,Michael,House,male,40,Timothyport
892,Matthew,Smith,female,22,East Allisonburgh
893,Douglas,Vance,female,35,Hodgeland
894,Joel,Sullivan,female,53,Vincentside
895,Amanda,Hickman,female,19,Brittanyville
896,Shane,Meyers,female,37,Jenningsmouth
897,Haley,Ramirez,female,57,East Anneport
898,Carl,Hawkins,male,15,Pamelamouth
899,Candice,Galvan,male,39,West Charlesborough
900,George,Aguilar,female,42,Port Donaldburgh
901,Patricia,Garcia,male,36,Hayesland
902,Matthew,Rodgers,male,45,Jacksonburgh
903,Stephanie,Lewis,male,37,Lynnstad
904,Jay,Strickland,male,54,New Dennisville
905,Jillian,Graham,female,16,Bennettmouth
906,Gloria,Gordon,female,18,Lake Cindybury
907,Melissa,Beasley,female,25,West Jorgeside
908,Lori,Jones,male,47,Harrisland
909,Julia,Moore,male,21,West Thomasberg
910,Natalie,Murray,male,40,Moorefurt
911,Bobby,Fisher,female,21,Lake Joshuachester
912,Michael,Reyes,male,22,Brownfurt
913,Leonard,Allen,male,33,Adamshaven
914,Katie,Todd,female,33,East Danielleport
915,Melissa,Campbell,female,53,Ryanbury
916,Bryan,Barker,female,57,West Eric
917,Kurt,Martinez,male,26,Lake Vanessa
918,Kristen,Schneider,female,22,Jonview
919,Brandon,Carr,female,60,New Mark
920,Brian,Cunningham,female,32,Jenniferfort
921,Jessica,Jackson,male,45,Lake Jessemouth
922,Kimberly,Robbins,female,55,Smithmouth
923,Nathaniel,Walter,male,38,West Chasechester
924,Deanna,Davis,female,60,East Michelle
925,Joshua,Parker,male,27,North Edwardchester
926,Norma,Wilson,male,54,Lisafurt
927,Jamie,Brown,female,45,West Kenneth
928,Tony,Williams,male,57,North Lisa
929,Sarah,Martin,male,30,Maldonadohaven
930,Scott,Wheeler,female,54,New Kristintown
931,Javier,Lopez,female,31,Annstad
932,Craig,Lloyd,female,50,Port Kimberlyfurt
933,Travis,Jones,female,17,New Brentbury
934,Manuel,Alvarado,male,19,Port Andrea
935,Sarah,Rivera,male,20,South Mario
936,Dawn,Frazier,male,39,West Alisonstad
937,Cameron,Humphrey,female,55,West Lindseyland
938,Rebecca,Bell,female,58,Briannaland
939,Joseph,Bennett,male,36,East Patricia
940,James,Sullivan,male,57,West Fred
941,Cheyenne,Martinez,female,51,Jacobtown
942,Donald,White,male,36,Christopherburgh
943,David,Bailey,female,53,East Jessicaview
944,Joe,Young,female,35,New Jerryton
945,Mark,Arnold,male,60,Port Amymouth
946,Jacqueline,Ballard,male,38,Franklinburgh
947,Rebecca,Francis,female,42,East Shannon
948,Robert,Walters,female,43,East Jesseberg
949,Elizabeth,Turner,male,52,South Jenniferport
950,Aaron,Davis,female,22,Port Ronald
951,Caroline,Thompson,male,24,Navarromouth
952,James,Cabrera,male,32,East Phillip
953,Courtney,Green,female,57,New Leahmouth
954,Shane,Pierce,male,28,Brooksland
955,Kim,Harper,female,46,Marthaland
956,Jesse,Smith,female,54,Woodardburgh
957,Megan,Beard,female,52,South Julie
958,Caleb,Gilmore,male,42,Port Mary
959,Thomas,Owens,female,30,Lake Oscarbury
960,Shelley,Schwartz,male,24,West Timothyberg
961,April,Schultz,male,32,Bobbyview
962,Paul,Schwartz,male,45,Lindaburgh
963,John,Turner,female,47,North Sara
964,Dylan,Williams,male,22,Brianport
965,Shelly,Cohen,female,40,Rachelmouth
966,Tina,Evans,female,19,New Gordontown
967,Paula,Johnston,female,49,Holderborough
968,Derek,Johnson,male,33,New Carolmouth
969,Nicholas,Perry,male,33,Jimmyfort
970,Cynthia,Cunningham,female,58,West Deanna
971,Anthony,Fisher,female,20,East Jenniferhaven
972,Samuel,Moore,female,34,Mooreberg
973,Loretta,Gutierrez,male,48,Port Alanfurt
974,Anna,Jones,female,35,Angelashire
975,Amy,Brown,male,54,New Christopherfurt
976,April,Dyer,male,17,Stephanietown
977,David,Dunn,male,32,West Lisa
978,Rachel,Glass,male,16,West Jeffreyport
979,Aaron,Martinez,male,39,North Alan
980,William,Davila,male,33,Juanfurt
981,Kathleen,Henderson,male,46,Michaelville
982,Joseph,Walker,female,38,West Scott
983,Zachary,Hayes,male,55,Mcconnellberg
984,Kara,Schneider,female,38,Port Christophershire
985,Ricky,Lewis,female,38,North Lisaside
986,Jill,Smith,female,25,Santiagoton
987,Megan,Jones,female,36,Davidton
988,Angela,Santos,male,30,East Madison
989,William,Potter,female,28,West Brian
990,Julia,Campbell,male,46,Smithport
991,Bradley,Whitaker,female,54,East William
992,Richard,Gonzalez,male,59,North Ryan
993,Kaitlyn,Williams,female,47,North Becky
994,Melissa,Dawson,female,55,South Garybury
995,Dawn,Patterson,female,45,Shepherdberg
996,Sheena,Marshall,male,31,Jamieshire
997,Susan,Davis,male,31,Whitneyside
998,Hannah,Olson,female,44,Phillipsport
999,Ashley,West,male,45,Port Jennifer
1000,Stefanie,Steele,female,24,New Loretta
